,Area [m^2],Energy [GJ]
0,10027.075752919975,7928.968221691232
1,12488.37529184018,16012.484338081667
2,9725.642131328026,13151.182192330447
3,8657.497371422063,36009.35545644199
4,7756.387152118413,9141.04639112891
