,Area [m^2],Energy [GJ]
0,8657.497371422063,36009.35545644199
1,7213.324226428542,9687.125010655565
2,9725.642131328026,13151.182192330447
3,11525.188728050296,11189.48931729234
4,9192.82911935196,10171.570243878865
5,7756.387152118413,9141.04639112891
6,17651.31470763898,37594.098681409116
7,10027.075752919975,7928.968221691232
8,12488.37529184018,16012.484338081667
9,10724.318886525078,27973.849278296337
